gtin,brand,name,species,kind,form,description,ingredients,image_url,source,last_verified_at,nutrition_crude_protein_min_pct,nutrition_crude_fat_min_pct,nutrition_crude_fiber_max_pct,nutrition_moisture_max_pct,nutrition_kcal_per_unit
0200000000011,Sample Co,SAMPLE Pâté – Chicken & Liver,cat,food,wet,Placeholder record for pilot testing. Replace with a real product.,,,sample-seed,,,,,,
0200000000028,Sample Co,SAMPLE Pâté – Turkey Dinner,cat,food,wet,Placeholder record for pilot testing. Replace with a real product.,,,sample-seed,,,,,,
0200000000035,Sample Co,SAMPLE Pâté – Salmon Supper,cat,food,wet,Placeholder record for pilot testing. Replace with a real product.,,,sample-seed,,,,,,
0200000000042,Sample Co,SAMPLE Pâté – Beef Medley,cat,food,wet,Placeholder record for pilot testing. Replace with a real product.,,,sample-seed,,,,,,
0200000000059,Sample Co,SAMPLE Pâté – Duck & Pumpkin,cat,food,wet,Placeholder record for pilot testing. Replace with a real product.,,,sample-seed,,,,,,
0200000000066,Sample Co,SAMPLE Flaked – Tuna in Gravy,cat,food,wet,Placeholder record for pilot testing. Replace with a real product.,,,sample-seed,,,,,,
0200000000073,Sample Co,SAMPLE Flaked – Chicken in Gravy,cat,food,wet,Placeholder record for pilot testing. Replace with a real product.,,,sample-seed,,,,,,
0200000000080,Sample Co,SAMPLE Flaked – Whitefish & Shrimp,cat,food,wet,Placeholder record for pilot testing. Replace with a real product.,,,sample-seed,,,,,,
0200000000097,Sample Co,SAMPLE Kibble – Indoor Adult Chicken,cat,food,dry,Placeholder record for pilot testing. Replace with a real product.,,,sample-seed,,,,,,
0200000000103,Sample Co,SAMPLE Kibble – Salmon & Rice,cat,food,dry,Placeholder record for pilot testing. Replace with a real product.,,,sample-seed,,,,,,
0200000000110,Sample Co,SAMPLE Kibble – Kitten Chicken,cat,food,dry,Placeholder record for pilot testing. Replace with a real product.,,,sample-seed,,,,,,
0200000000127,Sample Co,SAMPLE Kibble – Senior Turkey,cat,food,dry,Placeholder record for pilot testing. Replace with a real product.,,,sample-seed,,,,,,
0200000000134,Sample Co,SAMPLE Kibble – Grain-Free Duck,cat,food,dry,Placeholder record for pilot testing. Replace with a real product.,,,sample-seed,,,,,,
0200000000141,Sample Co,SAMPLE Pouch – Chicken Stew,cat,food,wet,Placeholder record for pilot testing. Replace with a real product.,,,sample-seed,,,,,,
0200000000158,Sample Co,SAMPLE Pouch – Tuna Stew,cat,food,wet,Placeholder record for pilot testing. Replace with a real product.,,,sample-seed,,,,,,
0200000000165,Sample Co,SAMPLE Crunchy Treats – Salmon Bites,cat,treat,dry,Placeholder record for pilot testing. Replace with a real product.,,,sample-seed,,,,,,
0200000000172,Sample Co,SAMPLE Crunchy Treats – Chicken Bites,cat,treat,dry,Placeholder record for pilot testing. Replace with a real product.,,,sample-seed,,,,,,
0200000000189,Sample Co,SAMPLE Freeze-Dried – Minnow Treats,cat,treat,freeze-dried,Placeholder record for pilot testing. Replace with a real product.,,,sample-seed,,,,,,
0200000000196,Sample Co,SAMPLE Creamy Lickable – Tuna Tube,cat,treat,lickable,Placeholder record for pilot testing. Replace with a real product.,,,sample-seed,,,,,,
0200000000202,Sample Co,SAMPLE Soft Chews – Hairball Control,cat,treat,soft,Placeholder record for pilot testing. Replace with a real product.,,,sample-seed,,,,,,
